<emDataViewDatabaseIndex>
  <version minor="1" major="1"/>
  <emDatabase>
    <ParameterNames>
      <parameterName>w2</parameterName>
      <parameterName>l</parameterName>
    </ParameterNames>
    <databaseItems>
      <databaseItem index="0" name="data.000">
        <parameterValues>
          <value>0.776826</value>
          <value>19</value>
        </parameterValues>
        <fileNames>
          <name>data.000.sio</name>
          <name>data.000.sam</name>
          <name>data.000.log.zip</name>
        </fileNames>
        <originalFileNames>
          <name>proj.sio</name>
          <name>proj.sam</name>
          <name>proj.log.zip</name>
        </originalFileNames>
      </databaseItem>
    </databaseItems>
  </emDatabase>
</emDataViewDatabaseIndex>
