<emDataViewDatabaseIndex>
  <version minor="1" major="1"/>
  <emDatabase>
    <ParameterNames/>
    <databaseItems>
      <databaseItem name="data.000" index="0">
        <parameterValues/>
        <fileNames>
          <name>data.000.sio</name>
          <name>data.000.sam</name>
          <name>data.000.log.zip</name>
        </fileNames>
        <originalFileNames>
          <name>proj.sio</name>
          <name>proj.sam</name>
          <name>proj.log.zip</name>
        </originalFileNames>
      </databaseItem>
    </databaseItems>
  </emDatabase>
</emDataViewDatabaseIndex>
